{
    "coefficients": [
        0.2950715217574071, 
        -0.24783268600277542, 
        0.04800409296528949, 
        -0.5996457724749038, 
        0.32445022644157906, 
        1.1325677336769944, 
        0.5484898412261653, 
        -0.16366760884864281, 
        -0.47255370423097004, 
        0.43402956558759936, 
        0.44961938847864696, 
        -0.4237460105438417, 
        -0.4464037624783825, 
        -0.6200670511904738, 
        -0.19016386640523641, 
        -0.10068199424407433, 
        0.40721211931173135, 
        -0.26086158517809466, 
        -0.728497662824329, 
        0.23156740344440643, 
        -0.4108001100192074, 
        0.3171427781175219, 
        0.28214351254352843, 
        0.545412110418237, 
        -0.0417514331846636, 
        0.04407064516880598, 
        -0.1391928496646733, 
        -0.9403976302822655, 
        0.28165275610338864, 
        0.4315276721974692, 
        2.6280140591006433, 
        -0.009764929939863222, 
        -0.050964344239565564, 
        0.225734360998081, 
        -0.8351681756292471, 
        -0.11675079536124197, 
        -0.594991743141671, 
        -1.4209110978159634, 
        0.46350711998651606, 
        -0.8807900675588055, 
        0.029656177049206152, 
        -0.11305291202971901, 
        0.35596928650590937, 
        0.19451933721388245, 
        -0.5181568208691801, 
        -0.4292376443221649, 
        0.7761416038283515, 
        -0.372581326787276, 
        -0.33151819872600863, 
        0.6880825529058754, 
        -0.33646923588090055, 
        0.09943294702555165, 
        0.3349518876486869
    ], 
    "intercept": [
        4.291281508949054
    ], 
    "features": [
        "car_LL_kurt", 
        "car_LL_mean", 
        "car_LL_skew", 
        "car_LL_var", 
        "car_PSD_kurt", 
        "car_PSD_mean", 
        "car_PSD_peak_amp", 
        "car_PSD_peak_freq", 
        "car_PSD_power_median", 
        "car_PSD_power_quartile_1", 
        "car_PSD_power_quartile_3", 
        "car_PSD_skew", 
        "car_PSD_var", 
        "car_TD_amplitude", 
        "car_TD_kurt", 
        "car_TD_skew", 
        "car_TKE_kurt", 
        "car_TKE_mean", 
        "car_TKE_skew", 
        "car_TKE_var", 
        "car_curv_kurt", 
        "car_curv_mean", 
        "car_curv_skew", 
        "car_curv_var", 
        "car_entropy", 
        "car_fr_index", 
        "hfo_LL_kurt", 
        "hfo_LL_mean", 
        "hfo_LL_skew", 
        "hfo_LL_var", 
        "hfo_PSD_kurt", 
        "hfo_PSD_mean", 
        "hfo_PSD_peak_amp", 
        "hfo_PSD_peak_freq", 
        "hfo_PSD_power_median", 
        "hfo_PSD_power_quartile_1", 
        "hfo_PSD_power_quartile_3", 
        "hfo_PSD_skew", 
        "hfo_PSD_var", 
        "hfo_TD_amplitude", 
        "hfo_TD_kurt", 
        "hfo_TD_skew", 
        "hfo_TKE_kurt", 
        "hfo_TKE_mean", 
        "hfo_TKE_skew", 
        "hfo_TKE_var", 
        "hfo_curv_kurt", 
        "hfo_curv_mean", 
        "hfo_curv_skew", 
        "hfo_curv_var", 
        "hfo_duration", 
        "hfo_entropy", 
        "hfo_fr_index"
    ], 
    "threshold": [
        0.95
    ], 
    "mean": [
        0.5966328782697935, 
        1.2343080177173573, 
        0.9184531770445007, 
        0.94199764455793, 
        -0.91045666786275, 
        253.23018717258435, 
        9.86911890792881, 
        176.6466805356778, 
        218.58510710449312, 
        129.75767076004576, 
        335.19900529442856, 
        0.39758625152289606, 
        15068.57171930921, 
        4.78826842942066, 
        -0.1521732816066463, 
        0.00250327969594247, 
        2.183329420464919, 
        4.769275448493812, 
        1.3825375916252294, 
        43.55472646582525, 
        0.2814160590929229, 
        2.799373758199645, 
        0.8222173846890874, 
        4.785570329281523, 
        666267.2484852398, 
        0.36920685008706616, 
        0.6786105874062961, 
        0.6164362692183698, 
        0.906270437589773, 
        0.32408337356394895, 
        1.7092313211335173, 
        181.76768875640113, 
        11.58542822581715, 
        110.23106346111805, 
        129.6080277023754, 
        97.63658871929724, 
        205.54167861148895, 
        1.4614859416083696, 
        10170.035655776192, 
        11.39096201282092, 
        -0.6070955610433322, 
        -0.004768239985997865, 
        2.115646653395319, 
        1.5126542031082706, 
        1.2916043191090492, 
        19.277432958953387, 
        1.254427455114557, 
        0.8550671933634323, 
        1.097845826041689, 
        0.9114255592894668, 
        39.77647524643889, 
        1697569.3149164112, 
        0.32704401707803943
    ], 
    "std": [
        1.6094747609173452, 
        0.35498460024357287, 
        0.4464616247600886, 
        0.6675322654815187, 
        0.5896888856557329, 
        34.97632979479117, 
        2.75621410317853, 
        113.83680299449769, 
        57.662307673665836, 
        32.76902614843378, 
        57.65045480117105, 
        0.42161517008058436, 
        3218.2069134467883, 
        4.471418748456819, 
        0.8015591781138253, 
        0.34829825661318325, 
        3.1648622684379824, 
        2.7442658114581833, 
        0.6886329243893674, 
        165.8278268605943, 
        1.333737629104778, 
        1.1349750670754482, 
        0.41268937460376265, 
        3.8940102914279926, 
        8567167.389296336, 
        0.05633024216213515, 
        2.1740354057284033, 
        0.2692881498316345, 
        0.6156151754102178, 
        0.5699938486174555, 
        2.2472352721351925, 
        35.6454807990198, 
        3.651570891158717, 
        38.490673319822825, 
        39.6451809759644, 
        19.30281334023458, 
        60.84044118942316, 
        0.6402063364214532, 
        2717.5854390977893, 
        3.464385871244296, 
        1.0053502892279516, 
        0.3140600170755304, 
        3.9844980611348237, 
        1.9566657614209317, 
        0.8531201932014253, 
        227.8525077691691, 
        2.75161746517573, 
        0.7075231679631842, 
        0.6314294289939323, 
        2.3285656183657855, 
        28.27305476904233, 
        9257625.588731997, 
        0.05906037963864465
    ]
}